code, price, title
8002451,299,Yakima DoubleDown Ace 4 Bike Hitch Rack
939AU,899,Thule VeloSpace XT 3 Bike Towball Platform Car Rack
8002443,448.998,Yakima HoldUp 2 Bike Hitch Rack
T970003,149,Thule Xpress Car Rack | Tow Bar Carrier (2 Bike)
BR-BUZZYBEE-4,499,Buzzrack Buzzybee 4 Platform 4 Bike Carrier
T591040,299,Thule ProRide 591 Car Rack Twin Pack
8002496,679,Yakima FoldClick 3 E-Bike Towball Car Rack
T598001,249,Thule Proride 598 Car Rack | Roof Carrier (Silver)
PBA,31,Adaptor Bar Deluxe
8002103,229,Yakima FrontLoader 1 Bike Roof Rack
ALAC15542QR0,244,Allen Hitch Mount 4 Bike Car Rack
8007410,149,Yakima Gatekeeper Tailgate Car Rack Pad
8002625,199,Yakima KingJoe Pro 3 Bike Trunk Rack
8002469,599.005,Yakima FourTimer 4 Bike Hitch Rack
925AU,749,Thule Velo Compact Tow Ball Tilt 2 Bike Car Rack
923AU,649,Thule Euroway G2 Towball Platform Car Rack
9802701,94,Yakima LightMate
BR-EAZZY-4,879,Buzzrack EAZZY 4 Bike Platform Car Rack
BR-EAZZY-2,629,Buzzrack EAZZY 2 Bike Platform Car Rack
BR-BUZZYBEE-4H,455,Buzzrack Buzzybee H4 Platform 4 Bike Carrier
ALAC15105006,89,Allen Trunk 2 Bike Deluxe Car Rack
F2-3,349,Hollywood Over the Top 3 Bike Car Rack
PAF4BSB,179,Pacific A-Frame 4 Bike Straight Towball Car Rack
PSH4B,219,Pacific Tilt Square Hitch 4 Car Rack
JBRK-1142,249,JetBlack Deluxe Folding Car Rack | Towball Mounted Carrier (4 Bike)
8002633,399,Yakima Fullback 3 Bike Trunk Mount Car Rack
BR-BUZZYBEE-2,359,Buzzrack Buzzybee 2 Platform 2 Bike Carrier
8002494,959,Yakima JustClick 3 Towball Platform Car Rack
BR-BUZZYBEE-2H,275,Buzzrack Buzzybee H2 Platform 2 Bike Carrier
PAF3BSB,169,Pacific A-Frame Towball  3 Bike Straight Car Rack
T598002,269,Thule Proride 598 Car Rack | Roof Carrier (Black)
8002624,199,Yakima KingJoe Pro 2 Bike Trunk Rack
F2-2,334,Hollywood Over the Top 2 Bike Car Rack
8002465,699,Yakima FullSwing 4 Bike Hitch Rack
8002463,549,Yakima FullTilt 5 Bike Hitch Rack
8002531,44,Yakima Tubetop Adaptor Bar
BR-E-SCORPION-2,819,Buzzrack E-Scorpion 2 Platform Car Rack Bike Carrier
BR-MOZZI-3BIKE,134,Buzzrack Mozzquito Trunk Mounted 3 Bike Carrier
ALAC15001001,90,Allen MT-1 Folding 1 Bike Trunk Rack
8002114,349,Yakima Highroad Roof Rack
JBRK-1131,164,JetBlack JetRack Towball Mounted Carrier 3 Bike Car Rack
ALAC180XR200,239,Allen Easy Load Hitch 2 Bike Car Rack
PAF4BBB,184,Car Rack Towball Pacific A-Frame 4 Bike Boomerang
8002420,289,Yakima Stickup 2 Bike Hitch Rack
PAF3BBB,174,Pacific Boomerang A-Frame 3 Bike Towball Carrier Car Rack
927AU,799,Thule Velo Compact Tow Ball Tilt 3 Bike Car Rack
8002452,399,Yakima DoubleDown Ace 5 Bike Hitch Rack
JBRK-1143,279,Jet Black Jet Track Double Folding Bike Carrier | Hitch (4 Bike)
PAF2BBB,139,Pacific A-Frame 2 Bike Boomerang Base Tow Ball Rack
8002484,809,Yakima HangOver 4 Car Rack
BR-E-SCORPION-1,599,Buzzrack E-Scorpion 1 Platform Car Rack
JBRK-1141,176,JetBlack Towball Mounted 4 Bike Car Rack
8002488,189,Yakima JustClick +1 Platform for JC3
8002485,959,Yakima HangOver 6 Car Rack
8052004,229,Whispbar Roof Rack WB201
8002468,429,Yakima TwoTimer 2 Bike Hitch Rack
8001141,274,Yakima BikerBar 2 Bike Ute Mount
976AU,129,Thule Rearmount Light & Number Plate Holder
8002700,27,Yakima Car Rack PlateMate
982XT,89,Thule Ladies Frame & Dual Suspension Bike Adaptor
933AU,1099,Thule Easy Fold XT E-Bike Carrier (2 Bike)
8002483,374,Yakima Backswing Hitch Car Rack Accessory
934AU,1299,Thule Easy Fold XT E-Bike Carrier (3 Bike)
BR-NP-BL-RUNNER,119,Buzzrack Lightboard Car Rack Accessory Screw Type
BR-NP,100,Buzzrack Univeral Plate Holder Car Rack Accessory (Suits Dual Arm Racks)
BR-ANTISWAY-KIT,17,Buzzrack Anti-sway Kit for Buzzybee Car Rack
BR-BUZZGRIP,37,Buzzrack Buzzgrip Car Rack Adaptor
BR-STRAPS-GREEN,17,Buzzrack Strap for Buzzybee Car Rack (Single Strap)
BR-CABLE-1,28,Buzzrack Loop cable/clamp
HR1400,619,Hollywood Sport Rider-SE 4 Bike Platform Style Rack 2in Rec
BR-BUFFALO-4TILT,399,Buzzrack Buffalo 4 Dual Arm 4 Bike Carrier
BR-BUFFALO-4H,369,Buzzrack Buffalo H4 Dual Arm 4 Bike Carrier
BR-MOOSE-4,299,Buzzrack Moose 4 Dual Arm 4 Bike Carrier
BR-MOOSE-4H,265,Buzzrack Moose H4 Dual Arm 4 Bike Carrier
BR-GAZELLE-2,139,Buzzrack Gazelle 2 Dual Arm 2 Bike Carrier
BR-PILOT-2,334,Buzzrack Pilot Trunk Mounted 2 Bike Carrier
JBRK-010,15,JetBlack Bungee 4 Piece
PAF2BSB,159,Pacific A-Frame 2 Bike Straight Base Tow Ball Rack
8002614,119,Yakima SuperJoe 3 Bike Rear Car Rack
8001118,64,Yakima Locking Blockhead Ute Mount
8002099,59,Yakima Fork Adapter (15mm x 100mm)
T565001,299,Thule Thru Ride 565 Car Rack | Roof Carrier (17kg Rated)
T9029XT,469,Thule Vertex Car Rack | Hitch Mount Carrier (4 Bike)
8002116,79,Yakima Fork Adapter (12mm x 100mm)
8002446,359,Yakima Holdup 2+ Bike Carrier | Hitch Rack [2 Bike]
8002096,79,Yakima Fork Adapter 20mm
8002462,489,Yakima FullTilt 4 Bike Hitch Rack
8002599,369,Yakima Spare Ride 2 Bike CarrierTyre Rack 2 Bike Silver
T9025,647,Thule Apex Tilt Bike Carrier | Hitch Mount [4 Bike]
T926101,279,Thule Velo Compact 4th Bike Add On
JBRK-011,31,Jet Black Number Plate Holder
JBRK-004,22,JB Bungee Pack (8pc) For JetBlack 4-Bike JetRack With Hex Key
8007202,27,Yakima SKS Lock Core (Set of 2)
8001117,41,Yakima Blockhead Ute Mount
8002113,79,Yakima Fork Adapter (15mm x 110mm)
BBAE,19,Adaptor Bar Economy
