code, price, title,
7111,$179 ,Thule Wing Bar Evo 108cm Silver 7111,
71112,$179 ,Thule Wing Bar Evo 108cm Black 71112,
7112,$179 ,Thule Wing Bar Evo 118cm Silver 7112,
71122,$179 ,Thule Wing Bar Evo 118cm Black 71122,
7113,$179 ,Thule Wing Bar Evo 127cm Silver 7113,
71132,$179 ,Thule Wing Bar Evo 127cm Black 71132,
7114,$179 ,Thule Wing Bar Evo 135cm Silver 7114,
71142,$179 ,Thule Wing Bar Evo 135cm Black 71142,
7115,$179 ,Thule Wing Bar Evo 150cm Silver 7115,
71152,$179 ,Thule Wing Bar Evo 150cm Black 71152,
960,$169 ,Thule Wing Bar 108cm  960,
9602,$179 ,Thule Wing Bar Black 108cm  9602,
7121,$99 ,Thule Square Bar 108cm  7121,
7122,$99 ,Thule Square Bar 118cm  7122,
7123,$99 ,Thule Square Bar 127cm  7123,
7124,$99 ,Thule Square Bar 135cm  7124,
7125,$99 ,Thule Square Bar 150cm  7125,
765,$149 ,Thule Square Bar 163cm  765,
390,$199 ,Thule Professional Bar 120cm  390,
391,$199 ,Thule Professional Bar 135cm  391,
392,$199 ,Thule Professional Bar 150cm  392,
393,$259 ,Thule Professional Bar 175cm  393,
394,$259 ,Thule Professional Bar 200cm  394,
395,$299 ,Thule Professional Bar 220cm  395,
891,$399 ,Thule SlideBar 127cm  891,
892,$449 ,Thule SlideBar 144cm   892,
893,$499 ,Thule SlideBar 162cm   893,
774,$149 ,Thule SRA 774,
9596,$398 ,Thule 9596 WingBar Edge Fixed Points,
9591,$398 ,Thule 9591 WingBar Edge Fixed Points,
9592,$398 ,Thule 9592 WingBar Edge Fixed Points,
9593,$398 ,Thule 9593 WingBar Edge Fixed Points,
9594,$398 ,Thule 9594 WingBar Edge Fixed Points,
9595,$398 ,Thule 9595 WingBar Edge Fixed Points,
95912,$398 ,Thule 95912 WingBar Edge Fixed Points Black,
95922,$398 ,Thule 95922 WingBar Edge Fixed Points Black,
95932,$398 ,Thule 95932 WingBar Edge Fixed Points Black,
95942,$398 ,Thule 95942 WingBar Edge Fixed Points Black,
95952,$398 ,Thule 95952 WingBar Edge Fixed Points Black,
95962,$398 ,Thule 95962 WingBar Edge Fixed Points Black,
9581,$389 ,Thule 9581 WingBar Edge Roof Rails,
9582,$389 ,Thule 9582 WingBar Edge Roof Rails,
9583,$389 ,Thule 9583 WingBar Edge Roof Rails,
9584,$389 ,Thule 9584 WingBar Edge Roof Rails,
9585,$389 ,Thule 9585 WingBar Edge Roof Rails,
95812,$389 ,Thule 95812 WingBar Edge Roof Rails Black,
95822,$389 ,Thule 95822 WingBar Edge Roof Rails Black,
95832,$389 ,Thule 95832 WingBar Edge Roof Rails Black,
95842,$389 ,Thule 95842 WingBar Edge Roof Rails Black,
95852,$389 ,Thule 95852 WingBar Edge Roof Rails Black,
7213,$110 ,Thule WingBar Edge Bar Silver 86cm 7213,
72132,$110 ,Thule WingBar Edge Bar Black 86cm 72132,
S1W,$280 ,Whispbar S1W Flush Bar Pack - 750mm,
S2W,$280 ,Whispbar S2W Flush Bar Pack - 800mm,
S3W,$280 ,Whispbar S3W Flush Bar Pack - 850mm,
S3WB,$280 ,Whispbar S3WB Black Flush Bar Pack - 850mm,
S4W,$280 ,Whispbar S4W Flush Bar Pack - 900mm,
S4WB,$280 ,Whispbar S4WB Black Flush Bar Pack 900mm,
S5W,$280 ,Whispbar S5W Flush Bar Pack - 950mm,
S5W,$185 ,Whispbar S5W Half Flush Bar Pack - 950mm,
S5WB,$280 ,Whispbar S5WB Black Flush Bar Pack (950mm),
S6W,$280 ,Whispbar S6W Flush Bar Pack - 1000mm,
S6WB,$280 ,Whispbar S6WB Black Flush Bar Pack - 1000mm,
S7W,$280 ,Whispbar S7W Flush Bar Pack - 1050mm,
S7WB,$280 ,Whispbar S7WB Black Flush Bar Pack - 1050mm,
S8W,$280 ,Whispbar S8W Flush Bar Pack - 1100mm,
S8WB,$280 ,Whispbar S8WB Black Flush Bar Pack - 1100mm,
S9W,$280 ,Whispbar S9W Flush Bar Pack - 1150mm,
S9WB,$280 ,Whispbar S9WB Flush Bar Pack Black - 1150mm,
S10W,$280 ,Whispbar S10W Flush Bar Pack - 1200mm,
S10WB,$280 ,Whispbar S10WB Flush Bar Pack Black - 1200mm,
S11W,$280 ,Whispbar S11W Flush Bar Pack - 1250mm,
S11WB,$280 ,Whispbar S11WB Black Flush Bar Pack - 1250mm,
S21W,$280 ,Whispbar S21W Flush Bar Pack - S1 & S2,
S22W,$280 ,Whispbar S22W Flush Bar Pack - S2 & S3,
S22WB,$280 ,Whispbar S22WB Black Flush Bar Pack,
S23W,$280 ,Whispbar S23W Flush Bar Pack - S3 & S4,
S23WB,$280 ,Whispbar S23WB Black Flush Bar Pack,
S24W,$280 ,Whispbar S24W Flush Bar Pack - S4 & S5,
S24WB,$280 ,Whispbar S24WB Black Flush Bar Pack,
S25W,$280 ,Whispbar S25W Flush Bar Pack - S5 & S6,
S25WB,$280 ,Whispbar S25WB Black Flush Bar Pack,
S26W,$280 ,Whispbar S26W Flush Bar Pack - S6 & S7,
S26WB,$280 ,Whispbar S26WB Flush Bar Pack Black - S6 & S7,
S37WB,$280 ,Whispbar S37WB Flush Bar Pack Black - S7 & S9,
S27W,$280 ,Whispbar S27W Flush Bar Pack - S7 & S8,
S37W,$280 ,Whispbar S37W Flush Bar Pack - S7 & S9,
S27WB,$280 ,Whispbar S27WB Flush Bar Pack Black - S7 & S8,
S28W,$280 ,Whispbar S28W Flush Bar Pack - S8 & S9,
S28WB,$280 ,Whispbar S28WB Flush Bar Pack Black,
S29W,$280 ,Whispbar S29W Flush Bar Pack - S9 & S10,
S30W,$280 ,Whispbar S30W Flush Bar Pack - S10 & S11,
S15W,$280 ,Whispbar S15W Through bar Pack - 1100mm,
S15WB,$280 ,Whispbar S15WB Black Through bar Pack - 1100mm,
S16W,$280 ,Whispbar S16W Through bar Pack - 1200mm,
S16WB,$280 ,Whispbar S16WB Black Through bar Pack - 1200mm,
S17W,$280 ,Whispbar S17W Through bar Pack - 1350mm,
S17WB,$280 ,Whispbar S17WB Black Through bar Pack - 1350mm,
S18W,$305 ,Whispbar S18W Through bar Pack - 1500mm,
8000389,$249 ,Yakima LNL Platform Raised Rail Leg Kit 8000389,
754,$159 ,Thule 754 Rapid System Footpack,
7104,$160 ,Thule 7104 Evo Raised Rail Foot pack,
7105,$159 ,Thule 7105 Evo Foot Pack,
7106,$213 ,Thule 7106 Evo Foot Pack,
7206,$299 ,Thule 7206 Edge Foot Pack,
753,$159 ,Thule 753 Fixed Point Footpack,
751,$209 ,Thule 751 Fixed  Point  Footpack,
757,$199 ,Thule 757 Rapid Railing Footpack,
775,$160 ,Thule 775 Rapid Crossroad Footpack,
951,$161 ,Thule 951 Gutter Mount Foot pack,
952,$219 ,Thule 952 Gutter Mount Foot pack,
9512,$171 ,Thule 9512 Gutter Mount Footpack,
9522,$219 ,Thule 9522 Guttermount Footpack,
9531,$269 ,Thule 9531 Guttermount Footpack,
950,$149 ,Thule 950 Gutterless Footpack,
542,$149 ,Thule 542 Artificial Rain Gutters,
543,$139 ,Thule 543 Artificial Fixpoint for 753 & 751,
9800306,$279 ,Yakima LNL Fixed Point & Track Legs Mk2 (Pack Of 6) 9800306,
9800304,$189 ,Yakima LNL Fixed Point & Track Legs Mk2 (Pack Of 4) 9800304,
8000142,$55 ,Yakima 8000142 LNL 2 Leg Pack,
8000143,$110 ,Yakima 8000143 LNL 4 Leg Pack,
8000144,$165 ,Yakima 8000144 LNL 6 Leg Pack,
8000350,$115 ,Yakima Lock N Load Gutter Mount Leg 110mm 8000350,
8000351,$120 ,Yakima Lock N Load Gutter Mount Leg 150mm 8000351,
8000352,$125 ,Yakima Lock N Load Gutter Mount Leg 210mm 8000352,
8000386,$79 ,Lock N Load Artificial Rain Gutter Kit 8000386,
8002001,$189 ,Yakima LockN'Load Flush Rail Leg Pack 8002001,
8000367,$16 ,Yakima Flush Rail Platform Mount Kit 8000367,
2500,$123.30 ,Rhino-Rack 2500 Vortex Leg Kit RLKVA,
(2pcs),$81 ,Rhino-Rack 2500 Vortex Half Leg Kit (2pcs) RLKVAH,
2500,$99 ,Rhino-Rack 2500 Vortex Leg Kit RLKVO,
(4pcs),$137 ,Rhino-Rack 2500 HD Leg Kit (4pcs) RLKHD,
(2pcs),$81 ,Rhino-Rack 2500 HD Leg Kit Half (2pcs) RLKHDH,
RLCP38,$187.05 ,Rhino-Rack Jeep Jk Legs RLCP38,
RLT500,$97.20 ,Rhino-Rack Leg 2 Pack RLT500,
RLT600H,$116.10 ,Rhino-Rack Quick Mount Leg Half Pack RLT600H,
RLT600,$196.62 ,Rhino-Rack Quick Mount Leg RLT600,
(6Pack),$168.78 ,Rhino-Rack RCH Locking Leg (6Pack) RCH6,
(6Pack),$164.43 ,Rhino-Rack RCH Locking Leg (6Pack) RCHT6,
RCH4,$121.80 ,Rhino-Rack RCH Locking Leg High RCH4,
RCH2,$75 ,Rhino-Rack RCH Locking Leg High 2 Pack RCH2,
RCL2,$75 ,Rhino-Rack RCL Locking Leg Low 2 Pack RCL2,
RCL4,$126 ,Rhino-Rack RCL Locking Leg Low 4 Pack RCL4,
RCL6,$168.78 ,Rhino-Rack RCL Locking Leg Low 6 Pack RCL6,
2,$113.40 ,Rhino-Rack Fixed Mount Leg Low 2 Pack RFMPS,
RFMPS2,$113.40 ,Rhino-Rack Fixed Mount Leg Low 2 Pack RFMPS2,
2,$113.40 ,Rhino-Rack Fixed Mount Leg High 2 Pack RFMS,
RFMS2,$113.40 ,Rhino-Rack Fixed Mount Leg High 2 Pack RFMS2,
RL110S11,$112.50 ,Rhino-Rack RL Leg 2 Pack RL110S11,
RL110S2,$101.70 ,Rhino-Rack RL Leg 2 Pack RL110S2,
RL110S6,$101.70 ,Rhino-Rack RL Leg 2 Pack RL110S6,
RL110MVF,$132.24 ,Rhino-Rack RL Leg 2 Pack RL110MVF,
RL110S1,$102.60 ,Rhino-Rack RL Leg 2 Pack RL110S1,
RL110MP,$102.60 ,Rhino-Rack RL Leg 2 Pack RL110MP,
RL110FTC,$132.24 ,Rhino-Rack RL Leg 2 Pack RL110FTC,
RL110MVM,$132.24 ,Rhino-Rack RL Leg 2 Pack RL110MVM,
RL110S12,$132.24 ,Rhino-Rack RL Leg 2 Pack RL110S12,
RL110S10,$112.50 ,Rhino-Rack RL Leg 2 Pack RL110S10,
RL110S5,$101.70 ,Rhino-Rack RL Leg 2 Pack RL110S5,
RL110BA,$101.70 ,Rhino-Rack RL Leg 2 Pack RL110BA,
RL110MS,$112.50 ,Rhino-Rack RL Leg 2 Pack RL110MS,
RL150S10,$112.50 ,Rhino-Rack RL Leg 2 Pack RL150S10,
RL150S13,$112.50 ,Rhino-Rack RL Leg 2 Pack RL150S13,
RL210TS2,$117 ,Rhino-Rack RL210TS2 Foot Pack,
RL210S2,$117 ,Rhino-Rack RL210S2 Foot Pack,
2,$96.30 ,Rhino-Rack RLTF Leg 2 Pack,
RLTFT5,$116.10 ,Rhino-Rack RLTFT5 Leg 2 Pack,
2,$96.30 ,Rhino-Rack RLTP Leg 2 Pack,
2,$116.10 ,Rhino-Rack RLTPFTC Leg 2 Pack,
2,$179 ,Rhino-Rack RLTFHIF/M Leg 2 Pack,
2,$179 ,Rhino-Rack RLTFHIR Leg 2 Pack,
SX006,$160.95 ,Rhino-Rack SX Leg 4 Pack SX006,
SX008,$160.95 ,Rhino-Rack SX Leg 4 Pack SX008,
SX021,$160.95 ,Rhino-Rack SX Leg 4 Pack SX021,
SX022,$160.95 ,Rhino-Rack SX Leg 4 Pack SX022,
SX023,$231.42 ,Rhino-Rack SX Leg 4 Pack SX023,
SX026,$231.42 ,Rhino-Rack SX Leg 4 Pack SX026,
SX027,$231.42 ,Rhino-Rack SX Leg 4 Pack SX027,
SX027,$231.42 ,Rhino-Rack SX Leg 4 Pack SX027,
SX028,$231.42 ,Rhino-Rack SX Leg 4 Pack SX028,
SX030,$231.42 ,Rhino-Rack Solid Rail Leg Kit SX030,
SX031,$231.42 ,Rhino-Rack Solid Rail Leg Kit SX031,
SX044,$231.42 ,Rhino-Rack Solid Rail Leg Kit SX044,
SX046,$231.42 ,Rhino-Rack Solid Rail Leg Kit SX046,
SX047,$266 ,Rhino-Rack Solid Rail Leg Kit SX047,
SX053,$231.42 ,Rhino-Rack Solid Rail Leg Kit SX053,
SX037,$231.42 ,Rhino-Rack Solid Rail Leg Kit SX037,
SX055,$231.42 ,Rhino-Rack Solid Rail Leg Kit SX055,
SX100,$160.95 ,Rhino-Rack SX100 Raised Rail Leg Kit,
SX066,$231.42 ,Rhino-Rack SX Leg Kit 4 Pack SX066,
RL150FS10,$112.50 ,RL Leg Ford Transit 2 Pack RL150FS10,
RL150S11,$112.50 ,Rhino-Rack Toyota LC70 Series Leg Set RL150S11,
8001118,$69 ,Yakima Locking BlockHead Ute Bed Bike Carrier 8001118,
8007410,$159 ,Yakima GateKeeper Medium 5 Bike Carrier 8007410,
10840,$108 ,RockyMounts DriveShaft HM Bike Carrier 10840,
10860,$139 ,RockyMounts DriveShaft Track Bike Carrier 10860,
8001117,$49 ,Yakima BlockHead Ute Bed Bike Carrier 8001117,
8001133,$129 ,Yakima Locking BedHead Bike Carrier 8001133,
821XT,$129 ,Thule Locking Low Rider 821XT Bike Carrier,
8001141,$299 ,Yakima BikerBar Bike Carrier 8001141,
821,$69 ,Thule Low Rider 821 Bike Carrier,
8002479,$599 ,Yakima HoldUp EVO 2 Bike Carrier 8002479,
8002482,$429 ,Yakima HoldUp EVO Plus 2 Add-On 8002482,
8002443,$439 ,Yakima HoldUp 2 Bike Carrier 8002443,
8002446,$349 ,Yakima HoldUp Plus 2 Add-On 8002446,
8002465,$594 ,Yakima FullSwing 4 Bike Carrier 8002465,
8002463,$529 ,Yakima FullTilt 5 Bike Carrier 8002463,
8002481,$289 ,Yakima Single Speed Hitch Mounted Bike Carrier 8002481,
8002483,$329 ,Yakima BackSwing Hitch Carrier Swing Adapter 8002483,
2,$399 ,RockyMounts WestSlope 2 Bike Carrier,
9034,$799 ,Thule T2 Pro XTB 9034 Black 2 Bike Carrier,
9036,$599 ,Thule T2 Pro XTB 9036 Black - 2 Bike Add-On,
9034XT,$799 ,Thule T2 Pro XTS 9034XT Silver 2 Bike Carrier,
9036XT,$599 ,Thule T2 Pro XTS 9036XT Silver - 2 Bike Add-On,
50431,$688 ,RockyMounts BackStage Swing Away 2 Bike Carrier 50431,
3,$1 ,190,Shingleback Vertical 3 Bike Carrier
4,$1 ,250,Shingleback Vertical 4 Bike Carrier
5,$1 ,299,Shingleback Vertical 5 Bike Carrier
6,$1 ,399,Shingleback Vertical 6 Bike Carrier
8002484,$729 ,Yakima HangOver 4 Bike Carrier 8002484,
50698,$344 ,RockyMounts Monorail Solo Bike Carrier 50698,
50430,$465 ,RockyMounts Monorail 2 Bike Carrier 50430,
50545,$208 ,RockyMounts MonoRail Add-On 50545,
9027,$899 ,Thule Apex XT Swing 9027 4 Bike Carrier,
9057,$499 ,Thule Range 9057 4 Bike Carrier,
8002485,$849 ,Yakima HangOver 6 Bike Carrier 8002485,
8002486,$999 ,Yakima JustClick 2 Bike Carrier 8002486,
8002494,$1 ,99,Yakima JustClick 3 Bike Carrier 8002494
938,$899 ,Thule VeloSpace XT AU 938 2 Bike Carrier,
939,$1 ,99,Thule VeloSpace XT 939 3 Bike Carrier
933,$1 ,99,Thule EasyFold XT 933 2 Bike Carrier
934,$1 ,239,Thule EasyFold XT 934 3 Bike Carrier
8002495,$849 ,Yakima FoldClick 2 Bike Carrier 8002495,
8002496,$949 ,Yakima FoldClick 3 Bike Carrier 8002496,
925,$629 ,Thule VeloCompact 925 2 Bike Carrier,
927,$749 ,Thule VeloCompact 927 3 Bike Carrier,
923,$649 ,Thule EuroWay G2 923 Bike Carrier,
970,$160 ,Thule Xpress 970 2 Bike Carrier,
8002531,$39 ,Yakima TubeTop - 8002531,
RBCA011,$102.60 ,Rhino-Rack Lightboard and Number Plate Holder RBCA011,
9802701,$86 ,Yakima LightMate Lightboard Number Plate Holder 9802701,
976,$139 ,Thule Lightboard - 976 AU,
9383,$899 ,Thule BackSpace XT 9383 300 Liter Cargo Box Add-On,
984,$39 ,Thule Carbon Frame Protector - 984,
8002488,$199 ,Yakima JustClick +1 Bike Add-On 8002488,
9381,$249 ,Thule VeloSpace 9381 Bike Add-On,
9261,$249 ,Thule VeloCompact 9261 4th Bike Add-On,
9334,$109 ,Thule Loading Ramp for EasyFold XT - 9334,
8002492,$99 ,Yakima ClickRamp Loading Ramp 8002492,
9152,$109 ,Thule Loading Ramp - 9152,
9172,$119 ,Thule Loading Ramp for VeloSpace 9172,
9802001,$15 ,Yakima Carbon Rim Protectors 9802001,
RM001,$99 ,RockyMounts Valet RM001,
9771,$89 ,Thule Wall hanger - 9771,
8002700,$29.95 ,Yakima PlateMate 8002700,
986,$22 ,Thule Wheel Strap Locks Pair - 986,
9311,$79 ,Thule EasyFold Bag XT - 9311,
563XL,$89 ,Thule Wheelbag 563XL,
9772,$35 ,Thule Wheel Adapter - 9772,
5981,$79 ,Thule FatBike Adaptor for ProRide 598 -  5981,
599100,$42 ,Thule FatBike Adaptor for UpRide 599 -  599100,
985,$25 ,Thule XXL FatBike Wheel Straps - 985,
934XT,$109 ,Thule Storage Bag for EasyFold 934XT 3 Bike - 9344,
32133,$279 ,Rhino-Rack Sunseeker Awning 2.5m 32133,
33100,$799.53 ,Rhino-Rack Batwing Awning Left 33100,
T050801744B,$999 ,Darche Eclipse 180 Gen 2 Awning T050801744B,
270,$1 ,249.95,Darche Eclipse 270 Awning (Aus Driver Side)
270,$1 ,249.95,Darche Eclipse 270 Awning (Aus Passenger Side)
T050801748,$339 ,Darche Eclipse Side Awning - 2.5m X 2.5m T050801748,
T050801746,$319 ,Darche Eclipse Side Awning - 2m X 2.5m T050801746,
8007440,$74 ,Yakima EasyOff Quick Release Awning Bracket 8007440,
8005029,$49 ,Yakima Awning Brackets 8005029,
43259,$83 ,Rhino-Rack Sunseeker And Batwing Awning Brackets 2 Pack 43259,
31111,$46 ,Rhino-Rack Universal Awning Bracket Short 31111,
31126,$54 ,Rhino-Rack Universal Awning Kit Long 31126,
PR3104,$34 ,Prorack Awning Adapter Kit PR3104,
31113,$25 ,Rhino-Rack Sand Screw 31113,
43178,$48 ,Rhino-Rack Pioneer Eye Bolt Kit 43178,
43261,$55 ,Rhino-Rack Pioneer Tie Down Points 4 Pack 43261,
43214,$55 ,Rhino-Rack Universal Pioneer Bracket Kit 43214,
43137B,$137.46 ,Rhino-Rack Pioneer Accessory Bar C-Channel 1220mm  43137B,
43138B,$147.03 ,Rhino-Rack Pioneer Accessory Bar C-Channel 1360mm  43138B,
43119B,$117.90 ,Rhino-Rack Pioneer Accessory Bar HD C-Channel 1220mm  43119B,
43233,$126.90 ,Rhino-Rack Pioneer Thru Axle Bike Carrier 43233,
43120B,$117.90 ,Rhino-Rack Pioneer Accessory Bar HD C-Channel 1360mm  43120B,
43107,$127.80 ,Rhino-Rack Pioneer Vertical Jerry Can Holder 43107,
43108,$127.80 ,Rhino-Rack Pioneer Horizontal Jerry Can Holder 43108,
43151,$196.62 ,Rhino-Rack Pioneer Double Vertical Jerry Can Holder 43151,
43152,$196.62 ,Rhino-Rack Pioneer Double Horizontal Jerry Can Holder 43152,
RGBH4,$98.10 ,Rhino-Rack 4kg Gas Bottle Holder RGBH4,
43175,$91.80 ,Rhino-Rack Pioneer Pickup Kit 43175,
43179,$63 ,Rhino-Rack Cam Buckle Pioneer Pick Up Kit 43179,
43139,$67 ,Rhino-Rack Pioneer Ratchet Grab 43139,
43217,$90 ,Rhino-Rack Pioneer Ladder Mount 43217,
43157,$157.47 ,Rhino-Rack Pioneer High Lift Jack and Shovel Holder 43157,
43101,$157.47 ,Rhino-Rack Pioneer High Lift Jack Holder Side Mount 43101,
43218,$90 ,Rhino-Rack Pioneer Shovel/Axe Mount 43218,
43103,$85 ,Rhino-Rack Shovel Holder Bracket 43103,
43249,$176.61 ,Rhino-Rack Pioneer Wind Fairing 1236mm 43249,
43159,$101.70 ,Rhino-Rack Pioneer 75 Degree Mounting Bracket Kit 43159,
43156,$96 ,Rhino-Rack Pioneer LED Light Bracket (2 Pack) 43156,
43202,$95 ,Rhino-Rack Pioneer SI Light Bracket (2 Pack) 43202,
43212,$107.10 ,Rhino-Rack Pioneer Roller 1018mm 43212,
43140B,$147.03 ,Rhino-Rack Pioneer Platform Side Rails 43140B,
43141B,$192.27 ,Rhino-Rack Pioneer Platform Side Rails 43141B,
43144B,$173.13 ,Rhino-Rack Pioneer Platform Side Rails 43144B,
43145B,$167.91 ,Rhino-Rack Pioneer Platform Side Rails 43145B,
43180B,$232 ,Rhino-Rack Pioneer Platform Full Rail Kit 43180B,
43181B,$259 ,Rhino-Rack Pioneer Platform Full Rail Kit 43181B,
43182B,$293 ,Rhino-Rack Pioneer Platform Full Rail Kit 43182B,
43187B,$305 ,Rhino-Rack Pioneer Platform Full Rail Kit 43187B,
8005022,$25 ,Yakima LNL Eye Bolt Kit 8005022,
8000335,$59 ,Yakima AceO'Spades 8000335,
8000336,$79 ,Yakima LightenUp Light Bracket Kit - 8000336,
8005039,$60 ,Yakima Crossbar to Platform Clamps (2 Pack) 8005039,
8005031,$129 ,Yakima Recovery Track Holder 8005031,
8005037,$69 ,Yakima LNL Platform Recessed Light Bracket  - 8005037,
8005025,$45 ,Yakima LNL Load Holder 8005025,
9801001,$159 ,Yakima LockN'Load Side Rails Kit 1 652mm 9801001,
9801002,$159 ,Yakima LockN'Load Side Rails Kit 2 783mm 9801002,
9801003,$169 ,Yakima LockN'Load Side Rails Kit 3 963mm 9801003,
9801004,$179 ,Yakima LockN'Load Side Rails Kit 4 1062mm 9801004,
9801005,$189 ,Yakima LockN'Load Side Rails Kit 5 1323mm 9801005,
9801006,$199 ,Yakima LockN'Load Side Rails Kit 6 1503mm 9801006,
8005034,$99 ,Yakima Gas Bottle Holder 8005034,
8005026,$89 ,Yakima LNL Load Roller 8005026,
8005028,$89 ,Yakima Accessory Bracket Kit 8005028,
8005035,$20 ,Yakima Bottle Opener / Multi Bracket 8005035,
8005033,$99 ,Yakima High Lift Jack Holder 8005033,
8005036,$89 ,Yakima Corner Bracket Kit 8005036,
8005032,$79 ,Yakima Spare Wheel Carrier 8005032,
52100,$956.13 ,Rhino-Rack 52100 Pioneer Platform 1528 x 1236,
52101,$956.13 ,Rhino-Rack 52101 Pioneer Platform 1528 X 1376,
52102,$1 ,15.29,Rhino-Rack 52102 Pioneer Platform 1928 X 1236
52107,$1 ,17.03,Rhino-Rack 52107 Pioneer Platform 2128 X 1236
52108,$1 ,104.03,Rhino-Rack 52108 Pioneer Platform 1828 X 1426
45100B,$836.07 ,Rhino-Rack 45100B Pioneer Tradie 1528 x 1236,
YBRHD172,$424.15 ,Yakima Bedrock HD Tray Mount Rack Including Bars 172cm YBRHD172,
YBRHD198,$424.15 ,Yakima Bedrock HD Tray Mount Rack Including Bars 198cm YBRHD198,
8000337,$764.10 ,Yakima LOCK N LOAD Platform Size A 8000337,
8000338,$791.10 ,Yakima LOCK N LOAD Platform Size B 8000338,
8000339,$809.10 ,Yakima LOCK N LOAD Platform Size C 8000339,
8000340,$899.10 ,Yakima LOCK N LOAD Platform Size D 8000340,
8000341,$881.10 ,Yakima LOCK N LOAD Platform Size E 8000341,
8000342,$629.10 ,Yakima LOCK N LOAD Platform Size F 8000342,
8000343,$809.10 ,Yakima LOCK N LOAD Platform Size G 8000343,
8000344,$899.10 ,Yakima LOCK N LOAD Platform Size H 8000344,
8000345,$809.10 ,Yakima LOCK N LOAD Platform Size I 8000345,
8000346,$899.10 ,Yakima LOCK N LOAD Platform Size J 8000346,
8000347,$719.10 ,Yakima LOCK N LOAD Platform Size K 8000347,
8000348,$719.10 ,Yakima LOCK N LOAD Platform Size L 8000348,
8000373,$899.10 ,Yakima LOCK N LOAD Platform Size N 8000373,
8000375,$854.10 ,Yakima LOCK N LOAD Platform Size P 8000375,
8000380,$899.10 ,Yakima LOCK N LOAD Platform Size U 8000380,
9820337,$929 ,Yakima LOCK N LOAD Platform Size A Assembled 9820337,
9820338,$929 ,Yakima LOCK N LOAD Platform Size B Assembled 9820338,
9820339,$1 ,19,Yakima LOCK N LOAD Platform Size C Assembled 9820339
9820340,$1 ,79,Yakima LOCK N LOAD Platform Size D Assembled 9820340
9820341,$999 ,Yakima LOCK N LOAD Platform Size E Assembled 9820341,
9820342,$724 ,Yakima LOCK N LOAD Platform Size F Assembled 9820342,
9820343,$929 ,Yakima LOCK N LOAD Platform Size G Assembled 9820343,
9820345,$899 ,Yakima LOCK N LOAD Platform Size I Assembled 9820345,
9820347,$849 ,Yakima LOCK N LOAD Platform Size K Assembled 9820347,
9820348,$859 ,Yakima LOCK N LOAD Platform Size L Assembled 9820348,
9820373,$1 ,29,Yakima LOCK N LOAD Platform Size N Assembled 9820373
9820375,$999 ,Yakima LOCK N LOAD Platform Size P Assembled 9820375,
9820380,$1 ,79,Yakima LOCK N LOAD Platform Size U Assembled 9820380
RMCB01,$320.16 ,Rhino-Rack XTray Small RMCB01,
RMCB02,$469.80 ,Rhino-Rack XTray Large RMCB02,
8007138,$449 ,Yakima OffGrid Cargo Basket Medium 8007138,
8007108,$199 ,Yakima OffGrid Extension Medium 8007108,
8007139,$599 ,Yakima OffGrid Cargo Basket Large 8007139,
8007109,$219 ,Yakima OffGrid Extension Large 8007109,
859002,$599 ,Thule Canyon XT Rooftop Basket - 859002,
859101,$259 ,Thule Canyon Extension XT 859101,
823,$899 ,Thule Trail XT Medium Rooftop Basket 823,
824,$999 ,Thule Trail XT Large Rooftop Basket 824,
8007070,$349 ,Yakima LoadWarrior 8007070,
8007074,$179 ,"Yakima LoadWarrior 18"" Extension 8007074",
8007014,$369 ,Yakima SkinnyWarrior 8007014,
LB200,$215.76 ,Rhino-Rack LB200 Weatherproof Luggage Bag 200L,
s280,$43 ,Rhino-Rack Sportz U Bolt Kit s280,
S280L,$43 ,Rhino-Rack U-Bolts 4 Pack S280L,
SP149,$45 ,Prorack Universal U Bolt Kit SP149,
PR3090,$42 ,Prorack Whispbar U-bolt Fit Kit - PR3090,
8007072,$52 ,Yakima LoadWarrior Stretch Net 8007072,
8007437,$1 ,999,Yakima SkyRise HD Medium 8007437
T050801515B,$1 ,599.95,Darche Intrepidor 1400 T050801515B
8007422,$249 ,Yakima SkyRise Annex 8007422,
8007428,$169 ,Yakima SkyRise BedSheets MD Grey 8007428,
8007423,$49 ,Yakima SideKick 8007423,
8007424,$59 ,Yakima SkyLoft 8007424,
8007426,$49 ,Yakima SunBelt 8007426,
8007425,$19.95 ,Yakima SkyHooks 8007425,
BC2,$49 ,Rhino-Rack Conduit Clamp Set BC2,
(2pcs),$24 ,Rhino-Rack Vortex Eye Bolt Kit (2pcs) S604,
RR540,$92 ,Rhino-Rack Alloy Roller 540mm RR540,
BC2-150,$66 ,Rhino-Rack Conduit Clamps 150mm BC2-150,
YBRHD172,$424.15 ,Yakima Bedrock HD Tray Mount Rack Including Bars 172cm YBRHD172,
YBRHD198,$424.15 ,Yakima Bedrock HD Tray Mount Rack Including Bars 198cm YBRHD198,
RPC4,$40 ,Rhino-Rack Heavy Duty Pipe Clamps 2 Pack 100mm RPC4,
P46-100,$198.36 ,Rhino-Rack Conduit Carrier 4.6m P46-100,
2,$38 ,Rhino-Rack Load Holder 2 Pack RLH,
WB751T,$699 ,Whispbar 400L Roof Box Textured WB751T,
613701,$2 ,595,Thule Vector Large 430L 613701
635600,$739 ,Thule Force XT Sport 300L 635600,
635200,$789 ,Thule Force XT M 400L 635200,
635700,$799 ,Thule Force XT L 450L 635700,
635800,$929 ,Thule Force XT XL 500L 635800,
634804,$739 ,Thule Touring L 780 Anthracite 420L 634804,
629601,$849 ,Thule Motion XT Sport Black Gloss 300L 629601,
629801,$1 ,199,Thule Motion XT XL Black Gloss 500L 629801
629901,$1 ,599,Thule Motion XT XXL Black Gloss 610L 629901
RMFT410,$739 ,Rhino-Rack MasterFit 410L Roof Box Black RMFT410,
RMFT530,$879 ,Rhino-Rack MasterFit 530L Roof Box Black RMFT530,
576,$243.60 ,Rhino-Rack 576 Ski and Snowboard Carrier 69cm loading width,
8003096,$399 ,Yakima Fat Cat Evo 6 Black Ski and Snowboard Carrier 84cm loading width 8003096,
8003097,$379 ,Yakima Fat Cat Evo 6 Silver Ski and Snowboard Carrier 84cm loading width 8003097,
8053002,$329 ,Whispbar WB300 Ski and Snowboard Carrier 75cm loading width 8053002,
8003095,$369 ,Yakima Fat Cat Evo 4 Black Ski and Snowboard Carrier 56cm loading width 8003095,
732607,$399 ,Thule SnowPack Ski Carrier 75cm loading width 732607,
7326,$349 ,Thule SnowPack Ski Carrier 75cm loading width 7326,
7325,$359 ,Thule SnowPack Extender 62cm loading width 7325,
7324,$269 ,Thule SnowPack Ski Carrier 50cm loading width 7324,
S18WB,$305 ,Whispbar S18WB Black Through bar Pack - 1500mm,
S41W,$319 ,Whispbar S41W S Wing Rail Bars 740-840mm,
S42W,$319 ,Whispbar S42W S Wing Rail Bars - 800-900mm,
S42WB,$319 ,Whispbar S42WB Black S Wing Rail Bars - 800 - 900mm,
S43W,$319 ,Whispbar S43W S Wing Rail Bars - 860-960mm,
S43WB,$319 ,Whispbar S43WB Black S Wing Rail Bars - 800 - 900mm,
S44W,$319 ,Whispbar S44W S Wing Rail Bars - 920-1020mm,
S44WB,$319 ,Whispbar S44WB Black S Wing Rail Bars - 920-1020mm,
S45W,$319 ,Whispbar S45W S Wing Rail Bars - 980-1080mm,
S45WB,$319 ,Whispbar S45WB Black  S Wing Rail Bars - 980-1080mm,
S46W,$319 ,Whispbar S46W S Wing Rail Bars - 1040-1140mm,
S46WB,$319 ,Whispbar S46WB Black S Wing Rail Bars - 1040-1140mm,
S47W,$319 ,Whispbar S47W S Wing Rail Bars - 1100-1200mm,
S47WB,$319 ,Whispbar S47WB Black S Wing Rail Bars - 1100 - 1200mm,
S51W,$319 ,Whispbar S51W S Wing Rail Bars S41 & S42,
S52W,$319 ,Whispbar S52W S Wing Rail Bars S42 & S43,
S53W,$319 ,Whispbar S53W S Wing Rail Bars S43 & S44,
S53WB,$319 ,Whispbar S53WB Black S Wing Rail Bars S43 & S44,
S54W,$319 ,Whispbar S54W S Wing Rail Bars S44 & S45,
S54WB,$319 ,Whispbar S54WB Black S Wing Rail Bars S44 & S45,
S55W,$319 ,Whispbar S55W S Wing Rail Bars S45 & S46,
S55WB,$319 ,Whispbar S55WB Black S Wing Rail Bars S45 & S46,
S56W,$319 ,Whispbar S56W S Wing Rail Bars S47 & S46,
S56WB,$319 ,Whispbar S56WB Black S Wing Rail Bars S46 & S47,
T15w,$294 ,Whispbar T15w HD Bars  1100mm,
T16w,$294 ,Whispbar T16w HD Bars  1200mm,
T17w,$294 ,Whispbar T17w HD Bars  1375mm,
T18w,$310 ,Whispbar T18w HD Bars  1500mm,
T19w,$349 ,Whispbar T19w HD Bars  1800mm,
S66W,$399 ,Whispbar S66W Through bar Pack,
8000507,$100 ,Yakima LNL Cross Bar 1250mm - 8000507,
8000508,$105 ,Yakima LNL Cross Bar 1375mm - 8000508,
8000509,$110 ,Yakima LNL Cross Bar 1500mm - 8000509,
RB1250B,$91 ,Rhino-Rack Heavy Duty Bar RB1250B,
RB1375B,$91 ,Rhino-Rack Heavy Duty Bar RB1375B,
RB1500B,$90.90 ,Rhino-Rack Heavy Duty Bar RB1500B,
RB1650B,$99 ,Rhino-Rack Heavy Duty Bar RB1650B,
RB1800B,$110.70 ,Rhino-Rack Heavy Duty Bar RB1800B,
RB1250S,$85 ,Rhino-Rack Heavy Duty Bar Silver 1250mm RB1250S,
RB1500S,$101 ,Rhino-Rack Heavy Duty Bar Silver 1500mm RB1500S,
VA118B,$86 ,Rhino-Rack Vortex Bar 1180mm Black VA118B,
VA120B,$164.43 ,Rhino-Rack Vortex Bar 1200mm Black (2 Pack) VA120B,
VA126B,$86 ,Rhino-Rack Vortex Bar 1260mm Black VA126B,
VA137B,$92 ,Rhino-Rack Vortex Bar 1375mm Black VA137B,
VA150B,$90.90 ,Rhino-Rack Vortex Bar 1500mm Black VA150B,
VA165B,$98.10 ,Rhino-Rack Vortex Bar 1650mm Black VA165B,
VA150S,$90.90 ,Rhino-Rack Vortex Bar 1500mm Silver VA150S,
VA118S,$86 ,Rhino-Rack Vortex Bar 1180mm Silver VA118S,
VA126S,$86 ,Rhino-Rack Vortex Bar 1260mm Silver VA126S,
VA137S,$92 ,Rhino-Rack Vortex Bar 1375mm Silver VA137S,
Mar-17,$348.87 ,Rhino-Rack Mazda CX5 03/17 On Roof Rack Complete RVP68,
RSB02B,$178 ,Rhino-Rack Vortex Stealth Bar 785mm Black RSB02B,
RSB03B,$178 ,Rhino-Rack Vortex Stealth Bar 845mm Black RSB03B,
RSB04B,$178 ,Rhino-Rack Vortex Stealth Bar 905mm Black RSB04B,
S17,$238 ,Prorack S-Wing S17 Through bar Pack - 1350mm,
S16,$238 ,Prorack S-Wing S16 Through bar Pack - 1200mm,
S15,$238 ,Prorack S-Wing S15 Through bar Pack - 1100mm,
P16,$230 ,Prorack Pack 1200mm Silver - P16,
P16,$126 ,Prorack Pack 1200mm Silver - P16 Half,
P17,$242 ,Prorack Pack 1350mm Silver - P17,
CVS002,$849 ,ProrackHyundai iLoad Track Kit - CVS002 HD Custom 3 Bar,
10203006,$949 ,Thule Chariot Lite Trailer 1 Blue Grass 10203006 AU,
10203007,$1 ,99,Thule Chariot Lite Trailer 2 Blue Grass 10203007 AU
10202011,$1 ,299,Thule Chariot Cross Trailer 1 Blue 10202011 AU
10202012,$1 ,299,Thule Chariot Cross Trailer 1 Roarange/Dark Shadow 10202012 AU
10202013,$1 ,449,Thule Chariot Cross Trailer 2 Blue 10202013 AU
10202014,$1 ,449,Thule Chariot Cross Trailer 2 Orange 10202014 AU
10201001,$1 ,799,Thule Chariot Sport Trailer 1 Blue 10201001 AU
10201002,$1 ,799,Thule Chariot Sport Trailer 1 Chartreuse 10201002 AU
10201011,$1 ,999,Thule Chariot Sport Trailer 1 Black 10201011 AU
10201015,$1 ,999,Thule Chariot Sport Trailer 2 Blue 10201015 AU
10201004,$1 ,999,Thule Chariot Sport Trailer 2 Chartreuse 10201004 AU
10201012,$2 ,149,Thule Chariot Sport Trailer 2 Black 10201012 AU
10204003,$1 ,399,Thule Chariot Cab Trailer 2 Child 10204003 AU
20201504,$155 ,Thule Chariot Infant Sling 20201504,
20201517,$109 ,Thule Chariot Baby Supporter 20201517,
20201507,$89 ,Thule Chariot Padding 1 - 20201507,
20201508,$109 ,Thule Chariot Padding 2 - 20201508,
20201513,$79 ,Thule Chariot Console One - 20201513,
20201514,$89 ,Thule Chariot Console Two - 20201514,
20201511,$119 ,Thule Cargo Rack One 20201511,
20201512,$129 ,Thule Cargo Rack Two 20201512,
20201510,$49 ,Thule Chariot Hydration Cage 20201510,
20110700,$89 ,Thule Coaster Rain Cover 20110700,
20201506,$89 ,Thule Chariot Lock Kit 20201506,
20201505,$175 ,Thule Chariot Brake Kit - 20201505,
20101002,$139 ,Thule Chariot Bunting Bag 20101002,
20100784,$109 ,Thule Chariot Storage Cover 20100784,
20100799,$139 ,Thule Maxle 12mm Thru Axle Adapter 20100799,
20100766,$109 ,Thule Chariot E Thru Axle Adapter 20100766,
20110729,$109 ,Thule Chariot Thru Axle Adapter Syntace 20110729,
20110730,$109 ,Thule Chariot Thru Axle Adapter Shimano 20110730,
20110731,$109 ,Thule Chariot Thru Axle Adapter Maxle 20110731,
20110732,$109 ,Thule Chariot Thru Axle Adapter Maxle 20110732,
20110733,$109 ,Thule Chariot Thru Axle Adapter Syntace 20110733,
20110734,$109 ,Thule Chariot Thru Axle Adapter Shimano 20110734,
20110735,$109 ,Thule Chariot Thru Axle Adapter Shimano 20110735,
20110736,$109 ,Thule Chariot Thru Axle Adapter Maxle 20110736,
20110737,$109 ,Thule Chariot Thru Axle Adapter Syntace 20110737,
20110738,$109 ,Thule Chariot Thru Axle Adapter Shimano 20110738,
20110739,$109 ,Thule Chariot Thru Axle Adapter Maxle 20110739,
20100766,$109 ,Thule Chariot Thru Axle Adapter Shimano 20100766,
20100798,$45 ,Thule Chariot Internal Hub Hitch Adapter Sram 20100798,
20110723,$39 ,Thule Chariot 3D Dropout Adapter 20110723,
20100797,$45 ,Thule Chariot Internal Hub Hitch Adapter Shimano 20100797,
20100796,$39 ,Thule Axle Mount ezHitch Cup with Quick Release Skewer - 20100796,
20201301,$179 ,Thule Chariot Single Jogging Kit 20201301,
20201302,$189 ,Thule Chariot Double Jogging Kit 20201302,
20201401,$499 ,Thule Chariot Cross Country Ski Kit - 20201401,
6ft,$79.90 ,Boardsox Hawaiian Surfboard Cover Short 6ft,
6ft,$79.90 ,Boardsox Green Leaf Surfboard Cover Short 6ft,
3inch,$79.90 ,Boardsox Green Leaf Surfboard Cover Short 6ft 3inch,
6ft,$79.90 ,Boardsox The Kelly Surfboard Cover Short 6ft,
6ft,$79.90 ,Boardsox The Kelly Surfboard Cover Short 6ft 3in,
8inch,$79.90 ,Boardsox Watermelon Surfboard Cover Short 5ft 8inch,
3inch,$79.90 ,Boardsox Watermelon Surfboard Cover Short 6ft 3inch,
8inch,$79.90 ,Boardsox Camo Surfboard Cover Short 5ft 8inch,
9ft,$109 ,Boardsox Camo Surfboard Cover Long 9ft,
8ft,$109 ,Boardsox Pineapple Head Surfboard Cover Long 8ft,
7ft,$109 ,Boardsox Wingnut Surfboard Cover Long 7ft,
6inch,$109 ,Boardsox Wingnut Surfboard Cover Long 7ft 6inch,
8inch,$89.90 ,Boardsox Watermelon Surfboard Cover Fun/Fish 5ft 8inch,
8inch,$89.90 ,Boardsox Worm Surfboard Cover Fun/Fish 5ft 8inch,
3inch,$89.90 ,Boardsox Camo Surfboard Cover Fun/Fish 6ft 3inch,
8inch,$89.90 ,Boardsox The Kelly Surfboard Cover Fun/Fish 5ft 8inch,
7inch,$89.90 ,Boardsox The Kelly Surfboard Cover Fun/Fish 6ft 7inch,
6ft,$89.90 ,Boardsox Bombora Surfboard Cover Fun/Fish 6ft,
598001,$239 ,Thule ProRide 598 Silver Bike Carrier 598001,
598002,$269 ,Thule ProRide 598 Black Bike Carrier 598002,
8052004,$269 ,Whispbar WB201 Frame Mount Bike Carrier 8052004,
8002114,$285 ,Yakima HighRoad Bike Carrier 8002114,
8002103,$218 ,Yakima FrontLoader Bike Carrier 8002103,
50250,$199 ,RockyMounts TomaHawk Bike Carrier 50250,
599,$299 ,Thule UpRide 599 Bike Carrier,
43233,$126.90 ,Rhino-Rack Pioneer Thru Axle Bike Carrier 43233,
8052003,$199 ,Whispbar WB200 Fork Mount Bike Carrier 8052003,
561,$189 ,Thule OutRide 561 Silver Bike Carrier,
8002115,$289 ,Yakima HighSpeed Bike Carrier 8002115,
8002108,$99 ,Yakima WheelHouse Spare Wheel Carrier 8002108,
598,$478 ,Thule ProRide 598 Silver Bike Carrier TWIN PACK,
598,$717 ,Thule ProRide 598 Silver Bike Carrier TRIPLE PACK,
598,$956 ,Thule ProRide 598 Silver Bike Carrier QUAD PACK,
598,$538 ,Thule ProRide 598 Black Bike Carrier TWIN PACK,
598,$807 ,Thule ProRide 598 Black Bike Carrier TRIPLE PACK,
598,$1 ,76,Thule ProRide 598 Black Bike Carrier QUAD PACK
591,$349 ,Thule ProRide 591 Silver Bike Carrier TWIN PACK,
8002103,$436 ,Yakima Frontloader Bike Carrier TWIN PACK 2 x 8002103,
8002114,$570 ,Yakima HighRoad Bike Carrier TWIN PACK 2 x 8002114,
8002115,$578 ,Yakima HighSpeed Bike Carrier TWIN PACK 2 x 8002115,
50250,$398 ,RockyMounts TomaHawk Bike Carrier TWIN PACK 2 x 50250,
561,$378 ,Thule OutRide 561 Silver Bike Carrier TWIN PACK,
8004073,$185 ,Yakima JayLow 8004073,
8004081,$559 ,Yakima ShowDown 8004081,
8004074,$185 ,Yakima Sweet Roll 8004074,
S512,$199 ,Rhino-Rack Folding J Style Kayak Carrier S512,
S512X,$138.33 ,Rhino-Rack Folding J Style Kayak Carrier Extension S512X,
898,$799 ,Thule Hullavator Pro 898,
8054003,$289 ,Whispbar WB401 Saddle Roller 8054003,
895000,$229 ,Thule DockGrip Kayak Carrier 895000,
896000,$259 ,Thule DockGlide 896000 Kayak Carrier,
580,$187.92 ,Rhino-Rack Nautic 580 Side Loading Kayak Cradles,
8054002,$319 ,Whispbar WB400 J Cradle Kayak Carrier 8054002,
837,$279 ,Thule Hull-A-Port Pro 837,
848,$299 ,Thule Hull-A-Port XT 848 Kayak Cradle,
8004041,$199 ,Yakima Bigstack 8004041,
997,$399 ,Thule Goalpost 997,
8004072,$69 ,Yakima SUP Tailgate Pad 8004072,
8004075,$292 ,Yakima SUPDawg 8004075,
810001,$379 ,Thule SUP Taxi XT Board Carrier 810001,
8004081,$559 ,Yakima ShowDown 8004081,
8007412,$59 ,Yakima 50cm SUP Surf Aero Crossbar Pads 8007412,
8007413,$69 ,Yakima 76cm SUP Surf Aero Crossbar Pads 8007413,
PR3400,$129 ,ProRack Universal Soft Roof Racks PR3400,
845000,$79 ,Thule Surf Pads M 51cm 845000,
846000,$99 ,Thule Surf Pads L 76cm 846000,
832,$179 ,Thule Wave Surf Rack 832,
8004050,$64 ,Yakima Soulpad 8004050,
DR01-SFT-SNG,$99.95 ,FCS D-Ring Single Soft Racks DR01-SFT-SNG,
DR01-SFT-SUP,$139.95 ,FCS D-Ring SUP Single Soft Racks DR01-SFT-SUP,
997,$399 ,Thule Goalpost 997,
8004072,$69 ,Yakima SUP Tailgate Pad 8004072,
8004088,$849 ,Yakima TopWater Fishing Rod Box 8004088,
8004089,$249 ,Yakima ReelDeal Fishing Rod Carrier 8004089,
KNKV-BLK-001,$54.95 ,Kanulock KeyVault Key Storage Safe KNKV-BLK-001,
RTD35C,$28 ,Rhino-Rack RTD35C 3.5m Rapid Straps,
RTD35P,$28 ,Rhino-Rack RTD35P 3.5m Rapid Straps,
8004060,$59 ,Yakima SUP Brah 8004060,
PR3036,$29 ,Prorack Tie Downs 2 x 4.8m PR3036,
RTD3-BK,$24 ,Rhino-Rack 3m Cam Lock Tie Downs RTD3-BK,
841,$129 ,Thule Lockable Tiedowns 841,
CL01-TIE-400,$39.95 ,FCS Cam Lock Tie Downs CL01-TIE-400,
DR01-TIE-400,$42.95 ,FCS D-Ring Tie Downs 4m DR01-TIE-400,
5.4SAU,$119 ,SPT KanuLock 5.4m Lockable Tiedowns  5.4SAU,
4.0SAU,$109 ,SPT KanuLock 4.0m Lockable Tiedowns  4.0SAU,
3.3SAU,$99 ,SPT KanuLock 3.3m Lockable Tiedowns  3.3SAU,
2.5SAU,$89 ,SPT KanuLock 2.5 metre Lockable Tiedowns  2.5SAU,
2.75m,$32 ,Thule Straps 2 x 2.75m 524,
4.0m,$37 ,Thule Straps 2 x 4.0m 523,
6.0m,$45 ,Thule Straps 2 x 6.0m 551,
855XT,$82 ,Thule Quickdraw 855XT,
FK898PRORC,$59 ,Thule Hullavator 898 to Rhino-Rack HD Bar Adapter FK898PRORC,
8004031,$69 ,Yakima Bow and Stern Tie Downs  8004031,
855,$159 ,Thule Lockable Paddle Holder 855,
1500052830,$9 ,Thule Base Knob 1500052830,
839,$69 ,Thule Water Slide Mat 839,
530,$49 ,Thule Quick Loop 530,
529,$35 ,Thule Hood Loop 529,
8004046,$19 ,Yakima Anchor Strap Kit 8004046,
8007416,$19 ,Yakima Hood Anchor 8007416,
TCBP-417,$175 ,Thule Crossover 32L Notebook carrying Backpack TCBP-417,
TCBP-317,$149 ,Thule Crossover 25L Notebook Backpack TCBP-317 Black,
TLBP113BLK,$89.95 ,Thule Lithos Backpack 16L TLBP113BLK,
TLBP116BLK,$99.95 ,Thule Lithos Backpack 20L TLBP116BLK,
50801650,$109.95 ,Darche Trail Bag 50L 050801650,
50801651,$129.95 ,Darche Enduro Bag 85L 050801651,
T050801114,$139.95 ,Darche Nero 60 Camping Bag T050801114,
T050801115,$199 ,Darche Nero 190 Camping Bag T050801115,
T050801116A,$229.95 ,Darche Nero 240 Camping Bag T050801116A,
3203795,$197 ,Thule Rail 8L Hydration Backpack 3203795,
3203637,$152 ,Thule Vital 3L Hydration Backpack 3203637,
3203639,$170 ,Thule Vital 6L Hydration Backpack 3203639,
3203640,$170 ,Thule Vital 6L Hydration Backpack 3203640,
3203641,$197 ,Thule Vital 8L Hydration Backpack 3203641,
3203801,$125 ,Thule UpTake 4L Hydration Backpack 3203801,
3203802,$125 ,Thule UpTake 4L Hydration Backpack 3203802,
3203807,$161 ,Thule UpTake 12L Hydration Backpack 3203807,
800603,$269 ,Thule GoPack Set 800603,
